epoch,step,train_acc_epoch,train_acc_step,train_loss_epoch,train_loss_step,val_acc,val_loss
0,49,,0.46875,,1.1123219728469849,,
0,99,,0.5,,1.0375088453292847,,
0,149,,0.53125,,1.0462565422058105,,
0,199,,0.4375,,1.1870930194854736,,
0,249,,0.40625,,1.1524391174316406,,
0,299,,0.40625,,1.0307782888412476,,
0,349,,0.5,,1.0601420402526855,,
0,374,,,,,0.469453364610672,1.1061904430389404
0,374,0.45241665840148926,,1.1502268314361572,,,
