epoch,step,train_acc_step,train_loss_step
0,49,0.0,1.4536142349243164
0,99,1.0,0.8538686037063599
0,149,0.0,1.4850826263427734
0,199,0.0,1.6436750888824463
0,249,0.0,1.0632948875427246
0,299,1.0,0.7734541893005371
0,349,0.0,1.1680521965026855
0,399,0.0,1.7881371974945068
0,449,0.0,1.5666769742965698
0,499,0.0,1.4671425819396973
0,549,1.0,0.842659592628479
0,599,0.0,3.1947617530822754
