epoch,step,train_acc_epoch,train_acc_step,train_loss_epoch,train_loss_step,val_acc,val_loss
0,49,,0.4375,,1.1169523000717163,,
0,99,,0.40625,,1.0673370361328125,,
0,149,,0.5625,,1.0531063079833984,,
0,199,,0.46875,,1.2132738828659058,,
0,249,,0.4375,,1.1243454217910767,,
0,299,,0.4375,,1.0235882997512817,,
0,349,,0.53125,,1.0544170141220093,,
0,399,,0.4375,,1.1671682596206665,,
0,437,,,,,0.47402268648147583,1.1002589464187622
0,437,0.447857141494751,,1.1417306661605835,,,
