epoch,step,train_acc_step,train_loss_step
0,49,0.0,1.002168893814087
0,99,1.0,0.6879567503929138
0,149,0.0,1.491554856300354
0,199,0.0,1.3994035720825195
0,249,1.0,0.9126892685890198
0,299,1.0,0.6460596919059753
0,349,0.0,1.261151671409607
0,399,0.0,1.9210127592086792
0,449,0.0,1.625340461730957
0,499,0.0,1.5670561790466309
0,549,1.0,0.8149610161781311
